id	A	C	D	E	F	G	H	I	K	L	M	N	P	Q	R	S	T	V	W	Y
O43916	0.23809523809523808	0.047619047619047616	0.0	0.0	0.0	0.0	0.0	0.14285714285714285	0.047619047619047616	0.19047619047619047	0.0	0.0	0.0	0.047619047619047616	0.0	0.09523809523809523	0.047619047619047616	0.047619047619047616	0.047619047619047616	0.047619047619047616
O60894	0.047619047619047616	0.0	0.0	0.0	0.047619047619047616	0.0	0.0	0.14285714285714285	0.0	0.19047619047619047	0.0	0.0	0.09523809523809523	0.0	0.0	0.0	0.14285714285714285	0.2857142857142857	0.0	0.047619047619047616
P11362	0.047619047619047616	0.09523809523809523	0.0	0.0	0.047619047619047616	0.09523809523809523	0.0	0.23809523809523808	0.0	0.047619047619047616	0.047619047619047616	0.0	0.0	0.0	0.0	0.09523809523809523	0.047619047619047616	0.14285714285714285	0.0	0.09523809523809523
P24390	0.05263157894736842	0.0	0.0	0.10526315789473684	0.05263157894736842	0.0	0.0	0.15789473684210525	0.0	0.21052631578947367	0.0	0.0	0.05263157894736842	0.05263157894736842	0.0	0.10526315789473684	0.05263157894736842	0.05263157894736842	0.05263157894736842	0.05263157894736842
Q00325	0.05	0.05	0.0	0.0	0.15	0.2	0.0	0.0	0.05	0.1	0.05	0.0	0.05	0.05	0.0	0.05	0.05	0.0	0.05	0.1
Q15256	0.047619047619047616	0.047619047619047616	0.0	0.0	0.14285714285714285	0.0	0.0	0.23809523809523808	0.0	0.14285714285714285	0.047619047619047616	0.0	0.0	0.0	0.0	0.047619047619047616	0.047619047619047616	0.19047619047619047	0.0	0.047619047619047616
Q19T08	0.0	0.0	0.0	0.0	0.09523809523809523	0.09523809523809523	0.0	0.23809523809523808	0.0	0.09523809523809523	0.0	0.0	0.0	0.0	0.0	0.047619047619047616	0.0	0.42857142857142855	0.0	0.0
Q5T8D3	0.09523809523809523	0.0	0.0	0.0	0.09523809523809523	0.047619047619047616	0.0	0.14285714285714285	0.0	0.14285714285714285	0.0	0.0	0.047619047619047616	0.047619047619047616	0.0	0.0	0.047619047619047616	0.09523809523809523	0.09523809523809523	0.14285714285714285
Q8IUH4	0.047619047619047616	0.0	0.047619047619047616	0.0	0.09523809523809523	0.047619047619047616	0.0	0.14285714285714285	0.0	0.2857142857142857	0.09523809523809523	0.0	0.0	0.0	0.0	0.047619047619047616	0.047619047619047616	0.047619047619047616	0.047619047619047616	0.047619047619047616
Q8IZF0	0.041666666666666664	0.0	0.0	0.041666666666666664	0.16666666666666666	0.041666666666666664	0.0	0.08333333333333333	0.0	0.2916666666666667	0.041666666666666664	0.0	0.0	0.041666666666666664	0.0	0.08333333333333333	0.041666666666666664	0.125	0.0	0.0
Q8NH09	0.14285714285714285	0.047619047619047616	0.0	0.047619047619047616	0.14285714285714285	0.09523809523809523	0.0	0.0	0.0	0.09523809523809523	0.047619047619047616	0.0	0.0	0.047619047619047616	0.0	0.047619047619047616	0.09523809523809523	0.14285714285714285	0.0	0.047619047619047616
Q8TB68	0.047619047619047616	0.14285714285714285	0.0	0.0	0.19047619047619047	0.09523809523809523	0.0	0.09523809523809523	0.0	0.23809523809523808	0.0	0.0	0.0	0.0	0.0	0.0	0.047619047619047616	0.047619047619047616	0.09523809523809523	0.0
Q96GR4	0.0	0.0	0.0	0.0	0.047619047619047616	0.14285714285714285	0.047619047619047616	0.047619047619047616	0.0	0.23809523809523808	0.0	0.0	0.0	0.0	0.047619047619047616	0.0	0.19047619047619047	0.19047619047619047	0.047619047619047616	0.0
Q99965	0.047619047619047616	0.047619047619047616	0.0	0.0	0.2857142857142857	0.0	0.0	0.23809523809523808	0.0	0.09523809523809523	0.047619047619047616	0.0	0.09523809523809523	0.0	0.0	0.0	0.0	0.09523809523809523	0.047619047619047616	0.0
Q9H300	0.15	0.05	0.0	0.0	0.2	0.15	0.0	0.05	0.0	0.05	0.0	0.0	0.0	0.05	0.0	0.05	0.1	0.05	0.05	0.05
Q9H841	0.14285714285714285	0.047619047619047616	0.0	0.0	0.047619047619047616	0.09523809523809523	0.0	0.19047619047619047	0.0	0.09523809523809523	0.0	0.0	0.09523809523809523	0.0	0.0	0.09523809523809523	0.09523809523809523	0.09523809523809523	0.0	0.0
Q9NWH2	0.19047619047619047	0.0	0.0	0.0	0.09523809523809523	0.23809523809523808	0.0	0.09523809523809523	0.0	0.14285714285714285	0.047619047619047616	0.0	0.0	0.0	0.0	0.0	0.14285714285714285	0.047619047619047616	0.0	0.0
Q9UHF4	0.0	0.0	0.0	0.0	0.14285714285714285	0.047619047619047616	0.0	0.14285714285714285	0.0	0.09523809523809523	0.047619047619047616	0.0	0.047619047619047616	0.0	0.0	0.09523809523809523	0.047619047619047616	0.19047619047619047	0.047619047619047616	0.09523809523809523
